id,timestamp,latitude,longitude,altitude,accel_x,accel_y,accel_z,gyro_x,gyro_y,gyro_z,dac_1,dac_2,dac_3,dac_4
1,2025-01-18T18:30:29.252148,1.65,19.81,259.63232344564824,-7.0446399862930065,-8.703577823386713,9.94193524223584,102.30573652207204,-385.2350863485492,-234.6108626850816,0.41717672240592973,1.716401429604505,0.7196855539985669,1.4693246509030666
2,2025-01-18T18:30:29.255756,7.22,89.4,566.6264928349365,1.6138271078564532,-9.00565491387204,1.1668786387318786,354.97933723397955,-278.75211190241976,-301.03298583650695,4.342528180945429,0.8099357755420078,4.470980853644483,1.4970982926765664
3,2025-01-18T18:30:29.259079,145.72,-170.31,304.45588083429556,0.38131182118264384,-0.5412184616109688,-0.5755857237201827,-382.94932722222234,223.21281348661205,-315.4217977789605,3.661504226448381,4.086437214615815,0.7788473986293049,1.326917119095864
4,2025-01-18T18:30:29.262328,-26.48,-30.64,114.85042694877812,2.18469054630145,-5.112969261618754,-0.2628632802909099,359.0605040411331,170.1553522395667,-256.6326396596414,0.28772621330306336,3.406485556516612,0.1393593858549097,3.139633407071111
5,2025-01-18T18:30:29.265383,-90.77,-106.88,936.8542996840504,4.997805691425157,-8.498334766884385,6.040919325835404,-249.4852738090082,356.34001690656055,-338.71525997431354,4.333285717191258,4.429100002422486,0.8929015061659551,2.241634732540513
6,2025-01-18T18:30:29.268863,-71.15,-134.47,539.7065561715526,-4.112123549527955,-0.6612652767678622,-6.948109044869042,79.56219191903301,-365.3302236737337,-478.5734888105082,1.1163128993677585,2.5801849082036945,1.7561108502977012,2.3454603582616755
7,2025-01-18T18:30:29.272100,-28.58,53.72,920.777549826485,4.170498893128482,4.0617687135648595,9.82892225629162,-394.8963056365411,-52.60571315064777,-317.59825804703667,4.321701475813928,2.2697375662694483,1.182332414218426,3.4859387197310014
8,2025-01-18T18:30:29.275269,-115.58,-144.99,382.86200278602644,-1.381591575045924,8.851519458544722,7.653915737036311,-328.3761811443354,281.7797415635488,-75.72466026385428,1.5848904349169346,3.9175382153976983,4.24404248959689,4.392846493915591
9,2025-01-18T18:30:29.278559,145.41,-38.93,583.5210249848612,9.405655990914617,6.375237467906558,8.861689642539677,268.0575120452146,494.52999256516,3.2273134735596614,2.7147288371414415,3.3879641133628557,3.008789078054293,2.89935774333937429
